,Name,Total,Male,Female
0,Hong Kong,85.02600000000001,82.12799999999999,87.914
1,Japan,84.79,81.658,87.84200000000001
2,Macau,84.42399999999999,81.46600000000001,87.36
3,Switzerland,83.97399999999999,82.09200000000001,85.77600000000001
4,Singapore,83.79799999999999,81.736,85.898
