country,healthGrade,GDPPC Value
spain,92.75,42197.33536
italy,91.59,44950.91166
iceland,91.44,60126.54178
japan,91.38,42929.66131
switzerland,90.93,73143.78331